method,features,posterior_draws,accuracy,auc,f1,brier,ece_10bin
L2 Logistic MAP,20,0,0.5933333333333334,0.6232444444444445,0.5933333333333334,0.238664984342356,0.03088846703221336
