method,lambda,nonzero_features,bic,train_time_sec,accuracy,auc,f1
SCAD Logistic via LLA,100.0,2,2711.4847710733766,0.18888254199555377,0.6316666666666667,0.6419222222222222,0.6310517529215359
